properties.address,properties.name,properties.phone
"3902 Madison Avenue Indianapolis, Indiana 46227",Access Plasma dba/Saturn Biomedical,317-786-4470
"6290 Jimmy Carter Boulevard, Suite 208, Norcross, Georgia 30071",ADMA BioCenters,678-495-5800
"3000 Windy Hill Road, Suite 220, Marietta, Georgia 30067",ADMA BioCenters,678-504-7333
"500 Route 38, Cherry Hill, New Jersey 08002",B Positive Plasma LLC,856-438-5581
"6200 Baltimore Avenue, Suite 100, Riverdale Park, Maryland 20737",B Positive Plasma LLC,240-623-1200
"812B N Delsea Road, Glassboro, New Jersey 08028",B Positive Plasma LLC,856.442.9100
"5550 Sohl Avenue, Hammond, Indiana 46320",Bio-Blood Components Inc.,219-932-6388
"1504 Broadway, Gary, Indiana 46407",Bio-Blood Components Inc.,219-882-5555
"1112 North High Street, Columbus, Ohio 43201",Bio-Blood Components Inc.,614-294-3183
"2585 Barclay Street, Ste C, Muskegon, Michigan 49441","Bio-Blood Components, Inc.",231-755-0389
"701 Second Street SW, Albuquerque, New Mexico 87102",Bio-Save Resources of Albuquerque Inc.,505-842-6991
"435 Millsap Road, Fayetteville, Arkansas 72703",BioLife Plasma Services,479-575-9477 x17
"6415 S Florida Avenue, Lakeland, Florida 33813",BioLife Plasma Services,863-687-4527
"2385 South 25th East, Ammon, Idaho 83406",BioLife Plasma Services,208-542-2406
"8300 North Cornerstone Drive, Hayden, Idaho 83835",BioLife Plasma Services,208-762-2486
"1455 County Farm Road, DeKalb, Illinois 60115",BioLife Plasma Services,815-754-5777
"7921 Coldwater Road, Ft. Wayne, Indiana 46825",BioLife Plasma Services,260-422-7435
"111 E. Alto Rd., Kokomo, Indiana 46902",BioLife Plasma Services,765-453-5670
"3401 North Marleon Drive, Muncie, Indiana 47304",BioLife Plasma Services,765-288-2699
"1565 S Liberty Drive, Bloomington, Indiana 47403",BioLife Plasma Services,812-334-1405
"2715 Emerson Drive, Elkhart, Indiana 46514",BioLife Plasma Services,574-264-7204
"1618 Golden Aspen Drive, Ames, Iowa 50010",BioLife Plasma Services,515-233-2556 x16
"1220 Associates Drive, Dubuque, Iowa 52001",BioLife Plasma Services,563-583-3637
"2490 Corridor Way, Coralville, Iowa 52241",BioLife Plasma Services,319-351-7939
"5950 Rockwell Drive NE, Cedar Rapids, Iowa 52402",BioLife Plasma Services,319-378-9612
"802 Brandilynn Boulevard, Cedar Falls, Iowa 50613",BioLife Plasma Services,319-277-1981
"5550 Sergeant Road, Sioux City, Iowa 51106",BioLife Plasma Services,712-274-5906
"4279 Bluegrass Road, Mt. Pleasant, Michigan 48858",BioLife Plasma Services,989-773-1500
"2670 E Paris Avenue SE, Grand Rapids, Michigan 49546",BioLife Plasma Services,616-285-7900
"540 Center Drive, Walker, Michigan 49544",BioLife Plasma Services,616-647-4672
"175 Hawley Street, Marquette, Michigan 49855",BioLife Plasma Services,906-226-9080 x19
"2325 Mounds View Road, Mounds View, Minnesota 55112",BioLife Plasma Services,763-780-2181
"35 Teton Lane, Mankato, Minnesota 56001",BioLife Plasma Services,507-344-0300 x14
"2019 Stearns Way, St. Cloud, Minnesota 56303",BioLife Plasma Services,320-259-6300
"2960 12th Street South, Moorhead, Minnesota 56560",BioLife Plasma Services,218-287-5869
"19351 E. Eastland Center Ct., Independence, Missouri 64055",BioLife Plasma Services,816-795-7002
"1803 W 32nd Street, Joplin, Missouri 64804",BioLife Plasma Services,417-782-7755
"1620 East Erie Street, Springfield, Missouri 65804",BioLife Plasma Services,417-862-5013
"2300 Grant Road, Billings, Montana 59102",BioLife Plasma Services,406-655-4927 x20
"1901 Market Place Drive, Great Falls, Montana 59404",BioLife Plasma Services,406-268-0501
"3050 Great Northern Avenue, Missoula, Montana 59808",BioLife Plasma Services,406-721-2584
"1409 Yanceyville Street, Greensboro, North Carolina 27405",BioLife Plasma Services,336-315-5425
"2617 12th Avenue S, Fargo, North Dakota 58103",BioLife Plasma Services,701-232-4426
"4770 Technology Circle, Grand Forks, North Dakota 58203",BioLife Plasma Services,701-772-7121 x16
"1800 Burnt Boat Road, Bismarck, North Dakota 58506",BioLife Plasma Services,701-355-0848 x26
"4299 Elida Road, Lima, Ohio 45807",BioLife Plasma Services,419-224-0117
"1789 E. Melrose Avenue, Findlay, Ohio 45840",BioLife Plasma Services,419-425-8680
"5656 Emerald Court, Mentor, Ohio 44060",BioLife Plasma Services,440-392-6111
"2850 Towne Boulevard, Middletown, Ohio 45044",BioLife Plasma Services,513-424-1462
"2301 East Hillside Drive, Broken Arrow, Oklahoma 74012",BioLife Plasma Services,918-355-4890
"321 West Beaver Avenue, State College, Pennsylvania 16801",BioLife Plasma Services,814-237-5761
"332 West Heritage Drive, Tyler, Texas 75703",BioLife Plasma Services,903-592-1144
"3455 Quail Creek Drive, Denton, Texas 76208",BioLife Plasma Services,940-387-7105
"14415 Owen Tech Blvd, Austin, Texas 78728",BioLife Plasma Services,512-251-8855
"781 West Heritage Park Boulevard, Layton, Utah 84401",BioLife Plasma Services,801-825-1700
"816 North 2860 East, St. George, Utah 84790",BioLife Plasma Services,435-627-9102
"269 Lucy Drive, Harrisonburg, Virginia 22801",BioLife Plasma Services,
"905 Darby Drive, Bellingham, Washington 98226",BioLife Plasma Services,360-756-1700
"110 Emily Drive, Clarksburg, West Virginia 26301",BioLife Plasma Services,304-626-3701
"5001 Schroth Lane, Suite A, Appleton, Wisconsin 54913",BioLife Plasma Services,920-830-1871
"3114 Union Avenue, Sheboygan, Wisconsin 53081",BioLife Plasma Services,920-803-8244 x14
"444 Midland Road, Janesville, Wisconsin 53546",BioLife Plasma Services,608-741-1705
"3275 Finger Road, Green Bay, Wisconsin 54311",BioLife Plasma Services,920-469-2218
"3325 Business Park Drive, Stevens Point, Wisconsin 54482",BioLife Plasma Services,715-343-9630 x16
"1278 Rudy St, Onalaska, Wisconsin 54650",BioLife Plasma Services,608-779-4844
"4710 Commonwealth Avenue, Eau Claire, Wisconsin 54701",BioLife Plasma Services,715-836-9496
"101 Lake Pointe Drive, Oshkosh, Wisconsin 54904",BioLife Plasma Services,920-231-9584 x14
"923 Security Drive, Fond du Lac, Wisconsin 54935",BioLife Plasma Services,920-906-9250
"N161 Eisenhwer Drive, Appleton, Wisconsin 54915",BioLife Plasma Services,920-733-1979
"2009 Bluegrass Circle, Cheyenne, Wyoming 82009",BioLife Plasma Services,307- 634-5390
"1122 Adams Street, Laramie, Wyoming 82070",BioLife Plasma Services,307 742-3608
"733 Landmark Dr., Casper, Wyoming 82609",BioLife Plasma Services,307-232-9212
"900 Isbell Street, Green Bay, WI 54303",BioLife Plasma Services,920-498-3394
"2535 Crossroads Boulevard, Waterloo, IA 50702",BioLife Plasma Services,319-232-2423
"1855 Edgewood Road SW, Cedar Rapids, IA 52404",BioLife Plasma Services,319-390-3263
"4120 North Eagle Road, Boise, Idaho 83713",BioLife Plasma Services,208-938-5500
"351 10 Avenue South, Waite Park, Minnesota 56387",BioLife Plasma Services,320-253-5900
"6310 Source Center Point Road, Colorado Springs, Colorado 80923",BioLife Plasma Services,719.598.0170
"3026 Chapel Hill Road, Douglasville, Georgia 30135",BioLife Plasma Services,770-942-3500
"6331 Kenowa Avenue SW, Grandville, Michigan 49418",BioLife Plasma Services,616-667-0264
"801 E Beaton Drive, West Fargo, North Dakota 58078",BioLife Plasma Services,701-277-1177
"251 W 65th Street, Loveland, Colorado 80538",BioLife Plasma Services,970-663-5600
"671 N Dixie Drive, St. George, Utah 84770",BioLife Plasma Services,435-656-0055
"4035 Watson Boulevard, Warner Robins, Georgia 31093",BioLife Plasma Services,478-971-0720
"725 SE Oralabor Road, Ankeny, Iowa 50021",BioLife Plasma Services,515-964-2288
"1815 McClurry Street, Springfield, Missouri 65807",BioLife Plasma Services,417-877-1201
"16558 N Midland Blvd, Nampa, Idaho 83687",BioLife Plasma Services,208-463-1331
"3440 Centerville Hwy, Snellville, Georgia 30039",BioLife Plasma Services,770-972-2680
"3201 Rib Mountain Drive, Wausau, Wisconsin 54401",BioLife Plasma Services,715-848-0022
"632 N 900 W, American Fork, Utah 84003",BioLife Plasma Services,801-763-0050
"9515 Garland Lane N, Maple Grove, Minnesota 55311",BioLife Plasma Services,763-416-5511
"13503 S Hamilton View Rd, Riverton, Utah 84065",BioLife Plasma Services,801.253.6700
"478 S Martin Street, Longmont, Colorado 80501",BioLife Plasma Services,720-494-4144
"8530 Martin Way E, Lacey, Washington 98516",BioLife Plasma Services,360-455-3301
"1138 N Emerson Avenue, Greenwood, Indiana 46163",BioLife Plasma Services,317-883-3839
"6380 Village View Dr, West Des Moines, Iowa 50266",BioLife Plasma Services,515-440-3334
"7430 Wrigley Drive, Pasco, Washington 99301",BioLife Plasma Services,509.545.3008
"8484 Mexico Road, St. Peters, Missouri 63376",BioLife Plasma Services,636.272.2776
"1511 SW Wilshire Blvd, Burleson, Texas 76028",BioLife Plasma Services,817.426.4097
"Elisabethstrasse 41, 8010 Graz, Austria",BioLife Plasmazentrum Graz,43.316.339331
"Euroa Platz 20, 8020 Graz, Austria",BioLife Plasmazentrum Graz,43.316.339331
"Mitterweg 16, 6020 Innsbruck, 6020 Austria",BioLife Plasmazentrum Innsbruck,43.512.274332
"Gruberstrasse 23, Linz, 4020 Austria",BioLife Plasmazentrum Linz,732-790-013
"Paracelsusstrasse 6, 5020 Salzburg, 5020 Austria",BioLife Plasmazentrum Salzburg,43.662.877652
"Pollheimerstrasse 15, 4600 Wels, 4600 Austria",BioLife Plasmazentrum Wels,43.7242.436.36
"Kirchengasse 3, 1070 Wien Vienna, 1070 Austria",BioLife Plasmazentrum Wien,43.1.52109
"Pottendorferstraße 15-23, Wiener Neustadt, 2700 Austria",BioLife Plasmazentrum Wiener Neustadt,43.2622.2577
"2315 NW 13th Street, Gainesville, Florida 32609",Biotest Plasma,352-378-9431
"6837 Taft Street Hollywood, Florida 33024",Biotest Plasma,954-987-6240
"4391 Colonial Boulevard, Suite106, Ft. Myers, Florida 33966",Biotest Plasma,239-332-0500
"2704 Peach Orchard Road, Augusta, Georgia 30906",Biotest Plasma,706-798-3061
"233 West Hancock Avenue, Athens, Georgia 30601",Biotest Plasma,706-354-3898
"408 S. Gilbert Street, Iowa City, Iowa 52240",Biotest Plasma,319-341-8000
"300 South 17th Street, Lincoln, Nebraska 68508",Biotest Plasma,402-474-2335
"2860 Cerrillos Road, Suite B1, Santa Fe, New Mexico 87507",Biotest Plasma,505-424-6250
"1213 Country Club Road, Jacksonville, North Carolina 28546",Biotest Plasma,910-353-4888
"6000 Mahoning Avenue #410, Youngstown, Ohio 44515",Biotest Plasma,330-743-1317
"1027 Commerce Boulevard, Dickson City, Pennsylvania 18519",Biotest Plasma,570-383-5341
"618 NW Loop 410, Suite 101, San Antonio, Texas 78216",Biotest Plasma,210-224-1749
"2501 Discovery Drive, Suite 400, Orlando, Florida 32826",Biotest Plasma,407-207-1932
"3110 Lake Washington Road, Melbourne, Florida 32934",Biotest Plasma,321-255-7466
"100 Business Park Way, Royal Palm Beach, Florida 33411",Biotest Plasma,561-791-9122
"311 N Patterson Street, Valdosta, Georgia 31601",Biotest Plasma,229-337-8558
"113 Yopp Road, Jacksonville, North Carolina 28540",Biotest Plasma,910-463-2603
"2235 Dave Ward Drive, Suite #205, Conway, Arkansas 72034",Biotest Plasma,501-499-8698
"718 22nd Avenue S, Brookings, South Dakota, 57006",Biotest Plasma,605-691-6214
"500 Old Greenville Highway Clemson, South Carolina 29631",Biotest Plasma,(864) 633-5023
"1012 Princeton Street, Vermillion, South Dakota 57069",Biotest Plasma,605.277.1434
"5915 1st Avenue, Kearney, Nebraska 68847",Biotest Plasma,308.624.2634
"85 North 23rd Street, Beaumont, Texas 77707",Blood & Plasma Research Inc.,409-835-7268
"410 Old Morgantown Road, Bowling Green, Kentucky 42101",Bowling Green Biologicals Inc.,270-793-0425
"1720 West Superior Street, Duluth, Minnesota 55806",BPL Plasma (Duluth Bio),218-722-8912
"805 South Main Street, Las Cruces, New Mexico 88001",BPL Plasma (Las Cruces Biologicals),575-524-2262
"315 South Washington Street, Stillwater, Oklahoma 74074",BPL Plasma (Stillwater Plasma),405-743-3012
"700 University Drive East Suite 111, College Station, Texas 77840",BPL Plasma (Westgate Biologicals),979-268-6050
"122 Yale Boulevard SE, Albuquerque, New Mexico 87106",BPL Plasma Inc. (Yale Blood),505-266-5729
"1250 South Plaza Way Suite C, Flagstaff, Arizona 86001","BPL Plasma, Inc.",928-773-1334
"630 Malvern Avenue, Hot Springs, Arkansas 71901","BPL Plasma, Inc.",501-321-2640
"2309A E. Nettleton, Jonesboro, Arkansas 72401","BPL Plasma, Inc.",870.934.9435
"824 Spring Street, Little Rock, Arkansas 72201","BPL Plasma, Inc.",501-374-6371
"903 Arkansas Boulevard, Texarkana, Arkansas 71854","BPL Plasma, Inc.",870-774-2200
"3744 Blanding Blvd, Jacksonville, Florida 32210","BPL Plasma, Inc.",904-771-6256
"150 NW 6th Street, Gainesville, Florida 32601","BPL Plasma, Inc.",352-378-9204
"11601 East Colonial Drive, Orlando, Florida 32817","BPL Plasma, Inc.",321-235-9100
"5252 East Fowler Avenue, Temple Terrace, Florida 33617","BPL Plasma, Inc.",813-849-9100
"2631 Dunn Avenue, Jacksonville, Florida 32118","BPL Plasma, Inc.",904-652-0586
"301 West Main Street, Carbondale, Illinois 62901","BPL Plasma, Inc.",618-529-3241
"1706 South 2nd Street, Gallup, New Mexico 87301","BPL Plasma, Inc.",505-722-7218
"753 West Broadway, Farmington, New Mexico 87401","BPL Plasma, Inc.",505-325-9408
"2727 East 10th Street, Greenville, North Carolina 27858","BPL Plasma, Inc.",252-757-0171
"5060 New Centre Drive #72, Wilmington, North Carolina 28404","BPL Plasma, Inc.",910-632-2863
"5789 Airport Boulevard, Austin, Texas 78752","BPL Plasma, Inc.",512-380-9226
"4223 Welborn Road, Bryan, Texas 77801","BPL Plasma, Inc.",979-846-8855
"1400 IH 35 South, San Marcos, Texas 78666","BPL Plasma, Inc.",512-392-7570
"1908 Ninth Street Ste D, Wichita Falls, Texas 76301","BPL Plasma, Inc.",940-763-0300
"2415-A Main Street, Lubbock, Texas 79401","BPL Plasma, Inc.",806-747-2854
"2575 Sunset Drive, San Angelo, Texas 76904","BPL Plasma, Inc.",325-944-9170
"2217 34th Street, Lubbock, Texas 79411","BPL Plasma, Inc.",806-747-6202
"7180 Eastex Freeway, Beaumont, Texas 77708","BPL Plasma, Inc.",409-291-7753
"2320 E Bell Road, Suite 101, Phoenix, Arizona 85022","BPL Plasma, Inc.",602-347-6580
"17900 US 19 North, Clearwater, Florida 33764","BPL Plasma, Inc.",727-252-0312
"1807 W Slaughter Lane, Bldg 4, Austin, Texas 78748","BPL Plasma, Inc.",512-865-4200
"6300 W. Colfax Ave., Lakewood, Colorado 80214","BPL Plasma, Inc.",720.458.6655
"239 Main Street, Lewiston, Maine 04240","BPL Plasma, Inc. (Portland Biologicals)",207-783-3230
"1222 #300 Quebec Avenue, Saskatoon, Saskatchewan S7K 1V2, Canada",Canadian Plasma Resources,306-500-7490
"370 #4 Elmwood Drive, Moncton NB, Canada E1A-8R5",Canadian Plasma Resources,506.801.9809
"J Palacha 2613/36, 69002 Breclav, Czech Republic",Caraplasma (Biotest AG),
"Jungmannova 745/246, 11000 Prague, Czech Republic",Caraplasma (Biotest AG),
"1334 E. Broadway Suite 102, Tempe, Arizona 85282",CSL Plasma,480-968-6139
"1000 East Broadway, Tempe, Arizona 85282",CSL Plasma,480-894-1330
"135 South Fourth Avenue, Tucson, Arizona 85701",CSL Plasma,520-623-6493
"4775 S Butterfield Drive, Ste 175-195, Tucson, Arizona 85714",CSL Plasma,520-790-0025
"690 Peoria Street, Unit M, Aurora, Colorado 80011",CSL Plasma,303-363-0095
"1228 West Elizabeth Ste. D-3, Ft. Collins, Colorado 80521",CSL Plasma,970-484-2248
"3505 11th Avenue, Evans, Colorado 80620",CSL Plasma,970-330-3558
"5007 North Davis Highway Unit 4, Pensacola, Florida 32503",CSL Plasma,850-494-1500
"10366 S. US Highway 1, Port St. Lucie, Florida 34952",CSL Plasma,772-337-3292
"2825 N Andrews Avenue, Wilton Manors, Florida 33311",CSL Plasma,954-561-6337
"1977 N Mannheim Road, Melrose Park, Illinois 60160",CSL Plasma,708-343-8845
"2904 11th Street, Rock Island, Illinois 61201",CSL Plasma,309-786-4183
"1021 North Water Street, Decatur, Illinois 62523",CSL Plasma,217-428-9245
"5550 E Washington Street, Indianapolis, Indiana 46219",CSL Plasma,317-352-9157
"2000 Center Drive, Evansville, Indiana 47711",CSL Plasma,812-473-7014
"400 Brown Street, West Lafayette, Indiana 47906",CSL Plasma,765-743-9665
"531 N. Main Street, Davenport, Iowa 52801",CSL Plasma,563-823-9063
"816 West 24th Street Ste B, Lawrence, Kansas 66046",CSL Plasma,785-749-5750
"1130 Gardenway, Manhattan, Kansas 66502",CSL Plasma,785-776-9177
"1515 E. Central Avenue, Wichita, Kansas 67214",CSL Plasma,316-264-6973
"1407 W. Jefferson Street, Louisville, Kentucky 40203",CSL Plasma,502-584-1121
"1840 Oxford Circle, Lexington, Kentucky 40504",CSL Plasma,859-254-8047
"817 Winchester Road Suite 140, Lexington, Kentucky 40505",CSL Plasma,859-233-9296
"13770 Nine Mile Road, Oak Park, Michigan 48237",CSL Plasma,248-584-4402
"5015 S Cedar Street Suite 150, Lansing, Michigan 48910",CSL Plasma,517-394-0016
"26280 Gratiot Avenue, Roseville, Michigan 48066",CSL Plasma,586-774-8026
"21921 Greenfield Road, Southfield, Michigan 48075",CSL Plasma,248-552-1191
"304 E Lake Street, Minneapolis, Minnesota 55408",CSL Plasma,612-278-0399
"106 West Superior Street, Duluth, Minnesota 55802",CSL Plasma,218-727-8139
"3715 Broadway, Kansas City, Missouri 64111",CSL Plasma,816-561-6224
"6000 Independence Avenue, Kansas City, Missouri 64125",CSL Plasma,816-241-2749
"1536 S. Glenstone, Springfield, Missouri 65804",CSL Plasma,417-866-7632
"3060 North 90th Street, Omaha, Nebraska 68135",CSL Plasma,402-571-3662
"204 San Mateo Blvd SE, Albuquerque, New Mexico 87108",CSL Plasma,505-243-4449
"5500 Central Avenue, Charlotte, North Carolina 28212",CSL Plasma,704-535-1765
"1100 North Miami Blvd Suite 613, Durham, North Carolina 27703",CSL Plasma,919-530-1388
"2650 N. High Street, Columbus, Ohio 43202",CSL Plasma,614-267-4982
"3204 W. 25th Street, Cleveland, Ohio 44109",CSL Plasma,216-398-0440
"727 Grant Street, Akron, Ohio 44311",CSL Plasma,330-535-4338
"3255 Dixie Highway, Hamilton, Ohio 45015",CSL Plasma,513-892-3156
"850 N Main Street, Dayton, Ohio 45405",CSL Plasma,937-331-9186
"435 East Columbia Street, Springfield, Ohio 45502",CSL Plasma,937-325-4200
"1327 East Lindsey Street, Norman, Oklahoma 73071",CSL Plasma,405-447-9977
"716 NW 23rd Street, Oklahoma City, Oklahoma 73103",CSL Plasma,405-521-9204
"1216 NW Sheridan Road, Lawton, Oklahoma 73505",CSL Plasma,580-248-4851
"5030 E. Admiral Place, Tulsa, Oklahoma 74115",CSL Plasma,918-838-2656
"824 S. Cheyenne, Tulsa, Oklahoma 74119",CSL Plasma,918-582-4346
"16225 NE Glisan, Gresham, Oregon 97230",CSL Plasma,503-251-8822
"2704 Texas Avenue, College Station, Texas 77840",CSL Plasma,979.764.1770
"215 Assembly Street, Columbia, South Carolina 29201",CSL Plasma,803-254-2280
"3725 Rivers Avenue Ste 7, Charleston, South Carolina 29405",CSL Plasma,843-554-3381
"1501 Riverside Dr. Suite 110, Chattanooga, Tennessee 37406",CSL Plasma,423-624-5555
"2809 E 50th Street, Chattanooga, Tennessee 37407",CSL Plasma,423-826-4040
"1616 Grand Avenue, Knoxville, Tennessee 37916",CSL Plasma,865-637-4052
"3923 Park Avenue, Memphis, Tennessee 38111",CSL Plasma,901-452-7558
"820 Madison Square, Madison, Tennessee 37115",CSL Plasma,615-865-1246
"653 E 13th Street, Brownsville, Texas 78520",CSL Plasma,956-574-9200
"550 S. Carrier Pkwy, Suite 280, Grand Prairie, Texas 75051",CSL Plasma,972-263-3374
"10121 Lake June Road, # 503, Dallas, Texas 75217",CSL Plasma,972-329-0186
"4200 South Freeway Ste 1946, Ft. Worth, Texas 76115",CSL Plasma,817-207-8554
"4977-A Ayers Street, Corpus Christi, Texas 78415",CSL Plasma,361-883-5106
"3202-C North First Street, Abilene, Texas 79603",CSL Plasma,325-673-7121
"2978 South State Street, South Salt Lake City, Utah 84115",CSL Plasma,801-485-5085
"2126 N Monroe Street, Spokane, Washington 99205",CSL Plasma,509-340-6406
"9621 East Sprague Ave., Spokane, Washington 99206",CSL Plasma,509-926-1881
"4901 Washington Avenue, Racine, Wisconsin 53406",CSL Plasma,262-721-0148
"144 West Grand Avenue, Beloit, Wisconsin 53511",CSL Plasma,608-362-2966
"Niederwall 1-3, Bielefeld, 33603 Germany",CSL Plasma,49.521.967270
"WenderStrasse 75, Gottingen, 37073 Germany",CSL Plasma,49-551-495060
"Axel-Springer Strasse 42, Berlin, 10969 Germany",CSL Plasma,49.302.537470
"Burgpassage 7, 38100 Braunschweig, 38100 Germany",CSL Plasma,49.531.243560
"An der Weide 27-29, 28195 Bremen, 28195 Germany",CSL Plasma,49.421.173640
"Sophienblatt 98-100, 24114 Kiel, 24114 Germany",CSL Plasma,49.431.661690
"Pfannenschmiedsgasse 5, 90402 Nurnberg, 90402 Germany",CSL Plasma,49.911.22911
"300 N Valley Mills, Ste B, Waco, Texas 76710",CSL Plasma,254-741-6683
"3430 E Tropicana Avenue, Ste 68, Las Vegas, Nevada 89121",CSL Plasma,702-458-3962
"3600 Gus Thomason Road, Ste 135, Mesquite, Texas 75150",CSL Plasma,972-755-5324
"1401 E. Washington Street, Suite B, Brownsville, Texas 78520",CSL Plasma,956-982-0445
"108 East Pettit Avenue, Fort Wayne, Indiana 46806",CSL Plasma,260-454-5083
"1911 Garth Road, Baytown, Texas 77520",CSL Plasma,281-422-0783
"2627 South Lancaster Road, Dallas, Texas 75216",CSL Plasma,214-372-9901
"14004 Nacogdoches Road, San Antonio, Texas, 78247",CSL Plasma,210-320-3582
"3221 W Blue Ridge Drive, Greenville, South Carolina 29611",CSL Plasma,864-962-4273
"11803 SE Mill Plain Blvd, Ste 101, Vancouver, Washington 98683",CSL Plasma,360-597-2691
"1283 Columbia Drive, Decatur, Georgia 30032",CSL Plasma,404-424-8503
"10970 New Halls Ferry Road, St. Louis, Missouri 63136",CSL Plasma,314-255-1705
"2625 Dix Highway, Lincoln Park, Michigan 48858",CSL Plasma,313.305.1218
"2200 S 314th Street, Federal Way, Washington 98003",CSL Plasma,
"350 N Grand Court Plaza, Nogales, Arizona 85621",CSL Plasma,520-394-7238
"3536 Eastdale Circle, Montgomery, Alabama 36117",CSL Plasma,334-539-3256
"6525 Tara Boulevard, Suite B, Jonesboro, Georgia 30236",CSL Plasma,678-487-1035
"937 N Hairston Road, Suite 1, Stone Mountain, Georgia 30083",CSL Plasma,770-783-2475
"10061 E Adamo Drive, Tampa, Florida 33619",CSL Plasma,813-749-4072
"482 N Telegraph Road, Pontiac, Michigan 48341",CSL Plasma,248-724-3319
"3757 W Ina Road, Ste 100/120, Tucson, Arizona 85741",CSL Plasma,520-394-7246
"1601 East Price Road, Brownsville, Texas 78521",CSL Plasma,956-545-0152
"25818 102nd Place, Kent, Washington 98030",CSL Plasma,206-204-5089
"2920 Randleman Road, Suite B, Greensboro, North Carolina 27406",CSL Plasma,336-261-0251
"4049 Eastern Boulevard, Montgomery, Alabama 36116",CSL Plasma,334-819-5450
"80 E 30th Street, Riviera Beach, Florida 33404",CSL Plasma,561-807-6016
"3201 South Cobb Drive, Suite A, Smyrna, Georgia 30080",CSL Plasma,770-504-5101
"9245 Highway 49, Gulfport, Mississippi 39503",CSL Plasma,228-236-3305
"18232 South Kedzie Avenue, Hazel Crest, Illinois 60429",CSL Plasma,708-793-5167
"9056 Penn Avenue, Bloomington, Minnesota 55431",CSL Plasma,952-392-4541
"2055 S.E. Tualatin Valley Hwy, Suite 5, Hillsboro, Oregon 97123",CSL Plasma,503-547-0638
"1807 Cherry Road, Suite 129, Rock Hill, South Carolina 29732",CSL Plasma,803-227-0785
"165 Concord Plaza Shopping Center, St Louis, Missouri 63128",CSL Plasma,314-675-3163
"862 South Boulder Highway, Henderson, Nevada 89015",CSL Plasma,702-942-1763
"1628 S Middle Tennessee Boulevard, Murfreesboro, Tennessee 37130",CSL Plasma,615-869-0023
"711 N Gilbert Road, Gilbert, Arizona 85234",CSL Plasma,602-218-5097
"11651 W 64th Avenue, Suite B1, Arvada, Colorado 80004",CSL Plasma,303-425-9959
"325 Mall Drive, Portage, Michigan 49024",CSL Plasma,269.775.0302
"3419 N Patterson Avenue, Winston-Salem, North Carolina 27105",CSL Plasma,336-837-4038
"7385-L Baltimore Annapolis Boulevard, Glen Burnie, Maryland 21061",CSL Plasma,410-999-6421
"6211 4th Street NW, Suite 15, Albuquerque, New Mexico 87107",CSL Plasma,505-359-2262
"11874 Washington Street, Northglenn, Colorado 80233",CSL Plasma,303-515-7621
"1406 North State Road 7, Margate, Florida 33063",CSL Plasma,954-874-0634
"7490 49th Street North, Pinellas Park, Florida 33781",CSL Plasma,727-245-1802
"14088 Woodward Avenue, Highland Park, Michigan 48203",CSL Plasma,313-346-1204
"11430 E Freeway, Suite 350, Houston, Texas 77029",CSL Plasma,713-807-7555
"9770 W Peoria Avenue, Peoria, Arizona 85345",CSL Plasma,623-383-2111
"2430 Eastern Boulevard, York, Pennsylvania 17402",CSL Plasma,717-767-2348
"2075 Americana Blvd, Ste 400, Orlando, Florida 32839",CSL Plasma,407-209-3332
"2983 S Chicago Avenue, South Milwaukee, Wisconsin 53172",CSL Plasma,414-751-1223
"2617 Northland Plaza Drive, Columbus, Ohio 43231",CSL Plasma,614-568-2205
"2750 East 46th Street, Indianapolis IN 46205",CSL Plasma,317-622-5058
"959 Ellis Avenue Unit 32G, Jackson, Mississippi 39209",CSL Plasma,601.533.0948
"101 E Olney Ave Suite 10, Philadelphia Pennsylvania 19120",CSL Plasma,215-554-6846
"107 Franklin Mills Blvd Suite 107, Philadelphia, Pennsylvania 19154",CSL Plasma,215-991-0213
"1121 South Bridge Street, Hidalgo, Texas 78557",CSL Plasma,956-225-0143
"2650 North Avenue, Grand Junction, Colorado 81501",CSL Plasma,970-233-7947
"1050 Westbank Expressway, Westwego, Louisiana 70094",CSL Plasma,504-704-1374
"2041 George Jenkins Blvd, Lakeland, Florida 33815",CSL Plasma,863-937-0263
"2404 S. Volusia, Orange City, Florida 32763",CSL Plasma,386-917-1808
"3524 S New Braunfels Ave, San Antonio, Texas 78223",CSL Plasma,830-460-6067
"5038 Miller Road, Flint, Michigan 48858",CSL Plasma,810-244-0281
"6862 Highway 6 South, Ste 124, Houston, Texas 77083",CSL Plasma,832-476-9400
"2317 E Northern Parkway, Baltimore, Maryland 21214",CSL Plasma,410-235-1568
"255 Midway Boulevard, Elyria, Ohio 44035",CSL Plasma,440-374-5027
"1600 S Water Street, Kent, Ohio 44240",CSL Plasma,330-552-5050
"6339 Olde York Road, Parma Heights, Ohio 44130",CSL Plasma,440-471-0460
"4880 Carlisle Pike, Mechanicsburg, Pennsylvania 17050",CSL Plasma,717.620.5155
"722 N. San Luis Plaza Dr, San Luis, Arizona 85349",CSL Plasma,928.504.1114
"4596 State Street, Saginaw, Michigan 48603",CSL Plasma,989-921-3301
"4400 N Winnetka Avenue, New Hope, Minnesota 55428",CSL Plasma,763-259-1862
"43552 Van Dyke Avenue, Sterling Heights, Michigan 48314",CSL Plasma,586-933-1513
"5905 Madison Ave Ste E, Indianapolis, Indiana 46227",CSL Plasma,317-808-5998
"3975 S. Buffalo Drive, Las Vegas, Nevada 89147",CSL Plasma,702.462.8777
"4025 24th Avenue, Fort Gratiot, Michigan 448059",CSL Plasma,810-216-7136
"4970 Delhi AVenue, Cincinnati, Ohio 45238",CSL Plasma,513-347-0763
"3456 Annapolis Road, Halethorpe, Maryland 21227",CSL Plasma,410-561-3585
"4997 Twin City Hwy Suite 130, Port Arthur, Texas 77642",CSL Plasma,409-300-3201
"215 Assembly Street, Columbia, South Carolina 29201",CSL Plasma,803-254-2280
"630 Chesnee Hwy Ste 3, Spartanburg, South Carolina 29303",CSL Plasma,864-529-3919
"6014 Lewis Avenue, Toledo, Ohio 43612",CSL Plasma,561-912-3068
"701 S. International, Weslaco, Texas 78596",CSL Plasma,956.225.0290
"603 N. Ed Carey Dr, Harlingen, Texas 78550",CSL Plasma,956.226.0032
"1655 S College St. Ste C, Auburn, Alabama 36832",CSL Plasma,334-539.3333
"2150 Riverside Parkway, Lawrenceville, Georgia 30043",CSL Plasma,678.229.1665
"1290 28th St SW, Wyoming, Michigan 49509",CSL Plasma,616.885.9998
"140 Park Shopping Center, Parkersburg, West Virginia, 26101",CSL Plasma,304.707.3014
"572 University Ave West, St. Paul, Minnesota 55103",CSL Plasma,651-780-7225
"2200 N. Yarbrough Dr. Ste K, El Paso, Texas 79925",CSL Plasma,915.201.2908
"3141 Denton Hwy, Haltom City, Texas 76117",CSL Plasma,817.204.0291
"8348 Colerain Avenue, Cincinnati, Ohio 45239",CSL Plasma,513.725.4175
"1321 S Madison Avenue, Muncie, Indiana 47302",CSL Plasma,765.273.4130
"3800 East State Street, Rockford, Illinois 61108",CSL Plasma,779.207.4419
"1043 Cleveland Ave, East Point, Georgia 30344,",CSL Plasma,404.902.5749
"2293 Browns Bridge Rd, Gainesville, Georgia 30501",CSL Plasma,678.207.4844
"101 E 5th Street, Douglas, Arizona 85607",CSL Plasma,520.645.1045
"3655 Fredericksburg Road, #107, San Antonio, Texas 78201",CSL Plasma (Fredericksburg),210-736-2824
"8725 Marbach Road, # 275, San Antonio, Texas 78227",CSL Plasma (Lackland),210-675-4521
"Csapo utca 42, 4029 Debrecen, Hungary",CSL Plasma - Debrecen,
"Stiftstrasse 9-17, 60313 Frankfurt am Main, Germany",CSL Plasma - Frankfurt,
"Széchenyi István út 35, 3525 Miskolc, Hungary",CSL Plasma - Miskolc,
"Nagy Imre tér 1, Bldg A 4th floor, 4400 Nyíregyháza, Hungary",CSL Plasma - Nyíregyháza,
"Roztylska 2321/19, Prague, 14800 Czech Republic",EUROPLASMA s.r.o.,+42 272075555
"Chlumecka 756/6, Prague, 19819 Czech Republic",EUROPLASMA s.r.o. Spendezentrum CernyMost,+42.272.075.555
"Landstrasse 155-157, Hainburg, 2410 Austria",EUROPLASMA Spendezentrum Hainburg,432-216-5520
"Hauptplatz 19, Top 125, Leoben, 8700 Austria",EUROPLASMA Spendezentrum Leoben,433-842-4440
"Kremser Strasse 5, Retz, 2070 Austria",EUROPLASMA Spendezentrum Retz,432-942-2033
"Shopping City Seiersberg 1, Seiersberg, 8055 Austria",EUROPLASMA Spendezentrum Seiersberg,433-162-9333
"Schulring 21, St. Polten, 3100 Austria",EUROPLASMA Spendezentrum St. Polten,432-742-9033
"Ignaz Koeckstrasse 10, Tech 21, Wien Vienna, 1210 Austria",EUROPLASMA Spendezentrum Wien 21,431-908-1100
"Alserbachstrasse 18, Wien Vienna, 1090 Austria",EUROPLASMA Spendezentrum Wien 9,431-319-5363
"371 W Highland Avenue, San Bernardino, California 92404","GCAM Plasma, Inc.",909-883-9501
"7018 Bandera Road, Leon Valley, Texas 78238","GCAM Plasma, Inc.",210.680.0562
"815 Grant Street, Laredo, Texas 78040","GCAM Plasma, Inc.",956-729-7677
"220 E Rio Grande Street, Eagle Pass, Texas 78852","GCAM Plasma, Inc.",830-752-6286
"771 N College Road, Twin Falls, Idaho 83301","GCAM Plasma, Inc.",280-733-5177
"320 E Main Street, Pullman, Washington 99163","GCAM Plasma, Inc.",509-715-1133
"1131 SE Military Drive, San Antonio, Texas 78214","GCAM Plasma, Inc.",210-928-9031
"1129 4th Avenue North, Birmingham, Alabama 35203",Grifols Biomat USA,205-583-4744
"3460 Demetropolis Road, Mobile, Alabama 36693",Grifols Biomat USA,251-666-3155
"2101 3rd Avenue South, Birmingham, Alabama 35233",Grifols Biomat USA,205-322-2400
"4020 North 19th Avenue, Phoenix, Arizona 85015",Grifols Biomat USA,602-266-1616
"535 South Dobson Road, Mesa, Arizona 85202",Grifols Biomat USA,480-833-1598
"5242 W. Camelback Road, Glendale, Arizona 85301",Grifols Biomat USA,602-272-3224
"3400 Rogers Avenue, #114, Ft. Smith, Arkansas 72903",Grifols Biomat USA,479-782-0197
"19255 Vanowen Street, Reseda, California 91335",Grifols Biomat USA,818-201-3800
"7150 El Cajon Boulevard, San Diego, California 92115",Grifols Biomat USA,619-521-5850
"612 B West Katella Avenue, Orange, California 92867",Grifols Biomat USA,714-639-2323
"246 Bernard Street, Bakersfield, California 93305",Grifols Biomat USA,661-863-0621
"17641 Vanowen Street, Van Nuys, California 91406",Grifols Biomat USA,818-344-0204
"4030 Wible Road, Bakersfield, California 93309",Grifols Biomat USA,661-833-2380
"501 Sable Boulevard, Aurora, Colorado 80011",Grifols Biomat USA,303-367-9660
"8800 W. Colfax Avenue, Lakewood, Colorado 80215",Grifols Biomat USA,303-620-4655
"3776 Airport Road, Colorado Springs, Colorado 80910",Grifols Biomat USA,719-380-6991
"1950 West Tennessee Street, Tallahassee, Florida 32304",Grifols Biomat USA,850-222-0195
"380 S. Northlake Blvd, Suite 1024, Altamonte Springs, Florida 32701",Grifols Biomat USA,407-628-4248
"630 North Avenue, Macon, Georgia 31211",Grifols Biomat USA,478-745-7626
"8805 White Bluff Road, Suite G,H, J, Savannah, Georgia 31406",Grifols Biomat USA,912-927-4005
"3160 Wrightsboro Road, Augusta, Georgia 30909",Grifols Biomat USA,706-733-9158
"425 E. Center, Pocatello, Idaho 83201",Grifols Biomat USA,208-233-3888
"4017 Overland Road, Boise, Idaho 83705",Grifols Biomat USA,208-338-8417
"48 E. Main Street, Rexburg, Idaho 83440",Grifols Biomat USA,208-359-1800
"3280 West 87th Street, Chicago, Illinois 60652",Grifols Biomat USA,708-459-9888
"1901 Western Avenue, South Bend, Indiana 46619",Grifols Biomat USA,574-234-6010
"1132 Locust Street, Terre Haute, Indiana 47807",Grifols Biomat USA,812-645-0016
"502 North Capitol, Indianapolis, Indiana 46204",Grifols Biomat USA,317-637-3294
"3620 North Post Road, Indianapolis, Indiana 46226",Grifols Biomat USA,317-890-8997
"1223 6th Avenue, Des Moines, Iowa 50314",Grifols Biomat USA,515-244-0771
"617 Mynster Street, Council Bluffs, Iowa 51503",Grifols Biomat USA,712-352-1218
"2120 Southwest 6th Street, Topeka, Kansas 66606",Grifols Biomat USA,785-233-0079
"5906 Airline Highway, Suite 101, Baton Rouge, Louisiana 70805",Grifols Biomat USA,225-354-0965
"1037C West Patrick Street, Frederick, Maryland 21702",Grifols Biomat USA,301-360-2400
"167 E. Kalamazoo Avenue, Kalamazoo, Michigan 49007",Grifols Biomat USA,269-381-0086
"28400 Grand River Avenue, Farmington Hills, Michigan 48336",Grifols Biomat USA,248-957-2227
"2002 N Street, Lincoln, Nebraska 68510",Grifols Biomat USA,402-438-4466
"611 North Las Vegas Boulevard, Las Vegas, Nevada 89101",Grifols Biomat USA,702-385-5172
"270 E. Sixth Street, Reno, Nevada 89501",Grifols Biomat USA,775-329-9421
"1828 Seymour Avenue, Cincinnati, Ohio 45237",Grifols Biomat USA,513-618-7999
"2840 East 116th Street, Cleveland, Ohio 44120",Grifols Biomat USA,216-258-0249
"3840 East Main Street, Whitehall, Ohio 43213",Grifols Biomat USA,614-231-5322
"6700 East Reno Avenue, Midwest City, Oklahoma 73110",Grifols Biomat USA,405-737-2447
"8033 SE Holgate Blvd, Portland, Oregon 97206",Grifols Biomat USA,503-777-5320
"630 Greenwich Street, Suite 3, Reading, Pennsylvania 19601",Grifols Biomat USA,610-685-5060
"812 Buffalo Street, Johnson City, Tennessee 37604",Grifols Biomat USA,423-926-8174
"1728 N Eastman Rd Ste 1B, Kingsport, Tennessee 37664",Grifols Biomat USA,423-246-6035
"1596 Ft. Campbell Blvd, Suite C, Clarksville, Tennessee 37042",Grifols Biomat USA,931-647-5555
"1620 Church Street, Nashville, Tennessee 37203",Grifols Biomat USA,615-327-0218
"2580 Gus Thomasson Road, Dallas, Texas 75228",Grifols Biomat USA,214-321-6777
"1519 S. Cooper St., Arlington, Texas 76010",Grifols Biomat USA,817-461-4764
"5629 West Rosedale Street, Ft. Worth, Texas 76107",Grifols Biomat USA,817-570-9212
"1223 West 43rd Street, Houston, Texas 77018",Grifols Biomat USA,713-688-3288
"8747 West Bellfort, Houston, Texas 77031",Grifols Biomat USA,713-484-6899
"8537 Gulf Freeway, Houston, Texas 77017",Grifols Biomat USA,713-943-8828
"330 West Little York Road, Houston, Texas 77076",Grifols Biomat USA,281.999.7970
"1502 Hidalgo Street, Laredo, Texas 78040",Grifols Biomat USA,956-796-0222
"500 N Flores Avenue, San Antonio, Texas 78205",Grifols Biomat USA,210-210-7304
"400 N 10th Street, McAllen, Texas 78501",Grifols Biomat USA,956-686-0042
"1441 W. Pleasant Run Road, Lancaster, Texas 75146",Grifols Biomat USA,972-275-0570
"375 S. State Street #H, Clearfield, Utah 84015",Grifols Biomat USA,801-825-1999
"38 E 800 South, Salt Lake City, Utah 84111",Grifols Biomat USA,801-363-7697
"630 West North Temple, Salt Lake City, Utah 84116",Grifols Biomat USA,801-531-1279
"2520 W. 4700 South, Bldg. A, Taylorsville, Utah 84129",Grifols Biomat USA,801-965-9160
"3073 Harrison Boulevard, Ogden, Utah 84403",Grifols Biomat USA,801-392-2296
"349 E. University Parkway, Orem, Utah 84058",Grifols Biomat USA,801-235-9800
"1045-1/2 N. Main Street, Suite A, Logan, Utah 84341",Grifols Biomat USA,435-753-7802
"1315 Euclid Avenue Ste D-20, Bristol, Virginia 24201",Grifols Biomat USA,276-645-6035
"15 West Mercury Boulevard, Suite C, Hampton, Virginia 23666",Grifols Biomat USA,757.726-0501
"202 Boatwright Avenue, Danville, Virginia 24541",Grifols Biomat USA,434-791-0326
"1221 London Boulevard, Portsmouth, Virginia 23704",Grifols Biomat USA,757-393-1200
"7726 15th N.W., Seattle, Washington 98117",Grifols Biomat USA,206-782-6675
"8413 Evergreen Way, Everett, Washington 98208",Grifols Biomat USA,425-267-9800
"5001 S 56th Street, Suite J-O, Tacoma, Washington 98409",Grifols Biomat USA,253-473-7021
"101 North Union Ste 108, Kennewick, Washington 99336",Grifols Biomat USA,509-737-9000
"2522 West State Street, Milwaukee, Wisconsin 53233",Grifols Biomat USA,414-344-2100
"501 N 900 East, Provo, Utah 84606",Grifols Biomat USA,801-375-2279
"16227 Lakewood Blvd, Bellflower, California 90706",Grifols Biomat USA,562-602-2004
"3217 Dorr Street, Ste B, Toledo, Ohio 43607",Grifols Biomat USA,419-531-3332
"7141 Pecos Street, Denver, Colorado 80221",Grifols Biomat USA,303-427-4059
"1330 Western Avenue, Pittsburgh, Pennsylvania 15322",Grifols Biomat USA,412-322-1909
"209 South Jackson Road, Edinburg, Texas 78539",Grifols Biomat USA,956-287-0365
"1000 Broadway Drive, Suite 42, Hattiesburg, Mississippi 39401",Grifols Biomat USA,601-620-0908
"3250 N Las Vegas Blvd, N Las Vegas, Nevada 89115",Grifols Biomat USA,702-632-0810
"2717 West 26th Street, Erie, Pennsylvania 16506",Grifols Biomat USA,814-835-6826
"2721 West Main Street, Dothan, Alabama 36301",Grifols Biomat USA,334-651-8000
"2310 East Saunders Street, Suite 108, Laredo, Texas 78041",Grifols Biomat USA,956-791-0127
"444 Martin Luther King Boulevard, Youngstown, Ohio 44502",Grifols Biomat USA,330-746-8879
"1951 West 5400 South, Roy, Utah 84067",Grifols Biomat USA,801-825-0111
"451 Ariana Road, Newport News, Virginia 23608",Grifols Biomat USA,757-989-5209
"727 E 9400 S, Sandy, Utah 84094",Grifols Biomat USA,801-566-2534
"1188 Sage Drive, Cedar City, Utah 84720",Grifols Biomat USA,435-867-8554
"12224 Frankstown Road, Pittsburgh, Pennsylvania 15235",Grifols Biomat USA,412-793-0150
"905 Midway Road, Menasha, Wisconsin 54952",Grifols Biomat USA,920-729-0732
"1235 S. Josey Lane Suite 520, Carrolton, Texas 75006",Grifols Biomat USA,972-336-1816
"4350 S. Laburnum Avenue, Richmond, Virginia 23231",Grifols Biomat USA,804-643-6789
"2364 W Oak Ridge Rd, Orlando, Florida 32807",Grifols Biomat USA,407-816-8378
"3748 Nolensville Pike, Nashville, Tennessee 37211",Grifols Biomat USA,615-327-0218
"7320 Broadway, Merrillville, Indiana 46410",Grifols Biomat USA,219.769.7705
"1309 E. Red River Street, Victoria, Texas 77901",Grifols Biomat USA,361.576.9519
"652 E Prater Way, Sparks, Nevada 89431",Grifols Biomat USA,775.351.1505
"3201 10th Ave Ste E, Tuscaloosa, Alabama 35401","Grifols Talecris Plasma Resources, Inc.",205-752-1547
"2420 Jordan Lane Suite L, Huntsville, Alabama 35816","Grifols Talecris Plasma Resources, Inc.",256-217-0345
"1407 280 Bypass, Phenix City, Alabama 36867","Grifols Talecris Plasma Resources, Inc.",334-297-5711
"1881 S 4th Avenue Suite E, Yuma, Arizona 85364","Grifols Talecris Plasma Resources, Inc.",928-782-2101
"5048 W. Northern Ave. Ste 101, Glendale, Arizona 85302","Grifols Talecris Plasma Resources, Inc.",623-939-0441
"6227 Colonel Glenn Road, Little Rock, Arkansas 72204","Grifols Talecris Plasma Resources, Inc.",501-565-6275
"145 S Sheridan Ste 200/202, Lakewood, Colorado 80226","Grifols Talecris Plasma Resources, Inc.",303-238-0363
"2502 East Pikes Peak Ave Ste 180, Colorado Springs, Colorado 80909","Grifols Talecris Plasma Resources, Inc.",719-635-5926
"1501 Moore Avenue, Pueblo, Colorado 81005","Grifols Talecris Plasma Resources, Inc.",719-544-3009
"2444 Mayport Road, Jacksonville, Florida 32233","Grifols Talecris Plasma Resources, Inc.",904-241-6376
"3810 W. Barracas Avenue, Pensacola, Florida 32507","Grifols Talecris Plasma Resources, Inc.",850-456-0975
"1308 W Broad Avenue, Albany, Georgia 31707","Grifols Talecris Plasma Resources, Inc.",229-430-7389
"4335 Victory Drive, Columbus, Georgia 31903","Grifols Talecris Plasma Resources, Inc.",706-687-1071
"1052 West Riverside Blvd Ste 302, Rockford, Illinois 61103","Grifols Talecris Plasma Resources, Inc.",815-633-7125
"1902 North Sheridan Road, Peoria, Illinois 61604","Grifols Talecris Plasma Resources, Inc.",309-686-0173
"511 West Washington Street, Bloomington, Illinois 61701","Grifols Talecris Plasma Resources, Inc.",309-827-3031
"241 S Mattis Avenue, Champaign, Illinois 61821","Grifols Talecris Plasma Resources, Inc.",217-355-9703
"2609 Grand Avenue, Waukegan, Illinois 60085","Grifols Talecris Plasma Resources, Inc.",847-599-9600
"3533 South Scatterfield Road, Anderson, Indiana 46013","Grifols Talecris Plasma Resources, Inc.",765-649-3900
"6340 Gateway Drive Suite 2, Indianapolis, Indiana 46254","Grifols Talecris Plasma Resources, Inc.",317-293-3100
"5037 Preston Highway, Louisville, Kentucky 40213","Grifols Talecris Plasma Resources, Inc.",502-968-9264
"325 E. Main Street, Lafayette, Louisiana 70501","Grifols Talecris Plasma Resources, Inc.",337-233-6602
"1001 Gerstner Memorial Hwy 14, Lake Charles, Louisiana 70601","Grifols Talecris Plasma Resources, Inc.",337-491-9476
"1020 Shreveport Barksdale Hwy, Ste 160, Shreveport, Louisiana 71105","Grifols Talecris Plasma Resources, Inc.",318-861-1466
"3511-A Desiard Street, Monroe, Louisiana 71209","Grifols Talecris Plasma Resources, Inc.",318-345-0051
"4027 North Jennings Road, Flint, Michigan 48504","Grifols Talecris Plasma Resources, Inc.",810-787-3982
"3740 Dixie Highway, Saginaw, Michigan 48601","Grifols Talecris Plasma Resources, Inc.",989-746-9447
"921 W Holmes Road, Ste 300, Lansing, Michigan 48910","Grifols Talecris Plasma Resources, Inc.",517-272-9044
"1695 South Robert Street, West St. Paul, Minnesota 55118","Grifols Talecris Plasma Resources, Inc.",651-455-6111
"1910 Suburban Avenue, St. Paul, Minnesota 55119","Grifols Talecris Plasma Resources, Inc.",651-501-0800
"6582 University Avenue, NE, Fridley, Minnesota 55432","Grifols Talecris Plasma Resources, Inc.",763-571-9166
"800 Holiday Drive Ste 140, Moorhead, Minnesota 56560","Grifols Talecris Plasma Resources, Inc.",218-287-2700
"1912 Civic Center Drive, North Las Vegas, Nevada 89030","Grifols Talecris Plasma Resources, Inc.",702 642-4037
"3615 New Bern Avenue, Raleigh, North Carolina 27610","Grifols Talecris Plasma Resources, Inc.",919-231-2744
"731 Central Avenue, Charlotte, North Carolina 28204","Grifols Talecris Plasma Resources, Inc.",704-372-1644
"3017 Freedom Drive, Charlotte, North Carolina 28208","Grifols Talecris Plasma Resources, Inc.",704-392-6500
"446 Grove Street, Fayetteville, North Carolina 28301","Grifols Talecris Plasma Resources, Inc.",910-323-4154
"3469 Great Western Blvd, Columbus, Ohio 43204","Grifols Talecris Plasma Resources, Inc.",614-308-7974
"824 30th Street NW, Canton, Ohio 44709","Grifols Talecris Plasma Resources, Inc.",330-430-1434
"3909 Salem Avenue, Dayton, Ohio 45506","Grifols Talecris Plasma Resources, Inc.",937-275-5996
"7103 South Western Avenue, Oklahoma City, Oklahoma 73139","Grifols Talecris Plasma Resources, Inc.",405-634-0220
"10115 S.E. Stark Street, Portland, Oregon 97216","Grifols Talecris Plasma Resources, Inc.",503-252-5308
"351 Belmont Street NE, Salem, Oregon 97301","Grifols Talecris Plasma Resources, Inc.",503-364-8946
"1901 West 8th Ave., Eugene, Oregon 97402","Grifols Talecris Plasma Resources, Inc.",541-683-9430
"2933 North 7th Street, Harrisburg, Pennsylvania 17110","Grifols Talecris Plasma Resources, Inc.",717-232-1501
"1025 N. Minnesota Avenue, Sioux Falls, South Dakota 57104","Grifols Talecris Plasma Resources, Inc.",605-271-6090
"8057 West Virginia Drive, Dallas, Texas 75237","Grifols Talecris Plasma Resources, Inc.",972-572-0344
"1709 South Avondale Street, Amarillo, Texas 79106","Grifols Talecris Plasma Resources, Inc.",806-355-7373
"2520 Jacksboro Hwy, Ft. Worth, Texas 76114","Grifols Talecris Plasma Resources, Inc.",817-625-4500
"908 South Ft. Hood Street, Killeen, Texas 76541","Grifols Talecris Plasma Resources, Inc.",254-200-1121
"2118 S Zarzamora Blvd #448, San Antonio, Texas 78207","Grifols Talecris Plasma Resources, Inc.",210-212-6226
"4244 Ayers Street, Corpus Christi, Texas 78415","Grifols Talecris Plasma Resources, Inc.",361-855-0310
"500 S Bicentennial Avenue Ste 200, McAllen, Texas 78501","Grifols Talecris Plasma Resources, Inc.",956-683-1656
"829 South Main Street, Del Rio, Texas 78840","Grifols Talecris Plasma Resources, Inc.",830-775-1663
"350 South Adams Street, Eagle Pass, Texas 78852","Grifols Talecris Plasma Resources, Inc.",830-757-3010
"720 Texas Avenue, El Paso, Texas 79901","Grifols Talecris Plasma Resources, Inc.",915-532-5322
"3515 Alameda Drive, El Paso, Texas 79905","Grifols Talecris Plasma Resources, Inc.",915-351-0920
"8802 Alameda Avenue, El Paso, Texas 79907","Grifols Talecris Plasma Resources, Inc.",915-859-6855
"8500 Dyer Street, Space 25, El Paso, Texas 79904","Grifols Talecris Plasma Resources, Inc.",915-757-2735
"651 West Columbia Lane, Provo, Utah 84604","Grifols Talecris Plasma Resources, Inc.",801-377-1243
"2727 Franklin Road, Roanoke, Virginia 24014","Grifols Talecris Plasma Resources, Inc.",540-344-3247
"2530 West North Avenue, Milwaukee, Wisconsin 53205","Grifols Talecris Plasma Resources, Inc.",414-933-2819
"1558 Brittain Road, Akron, OH, 44310","Grifols Talecris Plasma Resources, Inc.",330-633-6288
"4600 Bragg Boulevard, Fayetteville, North Carolina 28303","Grifols Talecris Plasma Resources, Inc.",910-867-9915
"1411 Garner Station Blvd, Raleigh, North Carolina 27603","Grifols Talecris Plasma Resources, Inc.",919-779-4749
"8631 North Loop Drive, El Paso, Texas 79907","Grifols Talecris Plasma Resources, Inc.",915-860-7323
"4710 Alabama Street, El Paso, Texas 79930","Grifols Talecris Plasma Resources, Inc.",915-564-5012
"2840 S Dort Highway, Flint, Michigan 78507","Grifols Talecris Plasma Resources, Inc.",810-743-2025
"800 Jackson Street, Alexandria, Louisiana 71301","Grifols Talecris Plasma Resources, Inc.",318-484-2026
"G3483 Van Syke Rd, Flint, Michigan 48507","Grifols Talecris Plasma Resources, Inc.",810-237-1041
"625 Dorr Street Toledo, Ohio 43604","GRIFOLS Talecris Plasma Resources, Inc.",419-244-3910
"1331 S Cannon Blvd, Kannapolis, North Carolina 28083","Grifols Talecris Plasma Resources, Inc.",704-933-1300
"2438 Clark Avenue, Albany, Georgia 31705","Grifols Talecris Plasma Resources, Inc.",229-420-8456
"649 24th Street, Port Huron, Michigan 48060","Grifols Talecris Plasma Resources, Inc.",810.985.5834
Wilmersdorfer Straße 54 10627 Berlin Germany,Haema Blutspendezentrum Berlin-Charlottenburg,+49 030-688 383 620
Peter-Weiss-Gasse 1 12627 Berlin Germany,Haema Blutspendezentrum Berlin-Hellersdorf,+49 030-992-550
Havemannstraße 12b 12689 Berlin Germany,Haema Blutspendezentrum Berlin-Marzahn,+49 030-936 410
Landsberger Allee 117 10407 Berlin Germany,Haema Blutspendezentrum Berlin-Prenzlauer Berg,+49 30 45 79 97
Berliner Straße 25 13507 Berlin Germany,Haema Blutspendezentrum Berlin-Tegel,+49-030-437-4360
Badstraße 4a 13357 Berlin Germany,Haema Blutspendezentrum Berlin-Wedding,+49 030-497 689210
Poststraße 19 53111 Bonn Germany,Haema Blutspendezentrum Bonn,
Kirchhofstraße 1-2 14776 Brandenburg an der Havel Germany,Haema Blutspendezentrum Brandenburg a.d. Havel,+49 3381 396 7630
Markt 5 09111 Chemnitz Germany,Haema Blutspendezentrum Chemnitz,
Ostenhellweg 50-52 44135 Dortmund Germany,Haema Blutspendezentrum Dortmund,
Fetscherplatz 2a 01307 Dresden Germany,Haema Blutspendezentrum Dresden-Fetscherplatz,49.351.2166819
Rosenstraße 30 01067 Dresden Germany,Haema Blutspendezentrum Dresden-World Trade Center,49.351.40792538
Lachsgasse 3 99084 Erfurt Germany,Haema Blutspendezentrum Erfurt,
Kettwiger Straße 64 45127 Essen Germany,Haema Blutspendezentrum Essen,
"Landsteinerstrasse 1, 04103 Leipzig Germany",Haema Blutspendezentrum Firmen Zentrale,
Karl-Marx-Str. 2 15230 Frankfurt (Oder) Germany,Haema Blutspendezentrum Frankfurt (Oder),+49 335.869.11820
Bahnhofstraße 40-42 09599 Freiberg Germany,Haema Blutspendezentrum Freiberg,
NEU Breitscheidstraße 1-5 07545 Gera Germany,Haema Blutspendezentrum Gera,
An der Frauenkirche 12 City Center Frauentor 02826 Görlitz Germany,Haema Blutspendezentrum Görlitz,
Oststraße 51 99867 Gotha Germany,Haema Blutspendezentrum Gotha,
Käthe-Kollwitz-Straße 6 04668 Grimma Germany,Haema Blutspendezentrum Grimma,
City Galerie Neustädter Passage 17 A 06122 Halle (Saale) Germany,Haema Blutspendezentrum Halle (Saale),
Westring 2 59065 Hamm Germany,Haema Blutspendezentrum Hamm,
Goethe Gallerie Goethestraße 3a 07743 Jena Germany,Haema Blutspendezentrum Jena,
Karl-Liebknecht-Straße 153-155 04277 Leipzig Germany,Haema Blutspendezentrum Leipzig-Connewitz,
Lützowstraße 11 04155 Leipzig Germany,Haema Blutspendezentrum Leipzig-Gohlis,49.341.5830950
Markt 9 04109 Leipzig Germany,Haema Blutspendezentrum Leipzig-Markt,49.341.2120060
Sandstraße 1-15 23552 Lübeck Germany,Haema Blutspendezentrum Lübeck,
Dachauer Straße 70 80335 München Germany,Haema Blutspendezentrum München,+089 547 265 990
"Klostermarkt, Oberer Steinweg 10 08523 Plauen Germany",Haema Blutspendezentrum Plauen,
Nuthestraße 1 14480 Potsdam Germany,Haema Blutspendezentrum Potsdam,+49 331.297.04130
Hildegard-von-Bingen-Straße 1 93053 Regensburg Germany,Haema Blutspendezentrum Regensburg,+0941 280 897 0
"Deutsche-Med Platz 2, 18057 Rostock, Germany",Haema Blutspendezentrum Rostock,
"Friedrichstraße 18, 19055 Schwerin, Germany",Haema Blutspendezentrum Schwerin,
Steubenstraße 15 99423 Weimar Germany,Haema Blutspendezentrum Weimar,
Zwickau-Arcaden Marienstraße 3/1 08056 Zwickau Germany,Haema Blutspendezentrum Zwickau,
"11925 Beach Blvd Ste 212, Jacksonville, Florida 32246",Hemarus LLC,561.623.5490
"Neumann Janos utca 1/E, 1117 Budapest, Hungary",Human BioPlazma -Budapest I [KEDPLASMA Magyarorszag],36.1.209.9243
"Bajcsy-Zsilinszky út 12, 3rd Floor, 1051 Budapest, Hungary",Human BioPlazma -Budapest II [KEDPLASMA Magyarorszag],36.1.328.0438
"Füredi út 27, 4027 Debrecen, Hungary",Human BioPlazma -Debrecen I [KEDPLASMA Magyarorszag],36.52.531.923
"Peterfia u. 2, M4027 Debrecen, Hungary",Human BioPlazma -Debrecen II [KEDPLASMA Magyarorszag],36.52.887.821
"Kiraly u. 2, M-3530 Miskolc, Hungary",Human BioPlazma -Miskolc [KEDPLASMA Magyarorszag],36.46.888.198
"Rokus u 1, 7624 Pecs, Hungary",Human BioPlazma -Pecs [KEDPLASMA Magyarorszag],36.72.889148
"1745 W. Irving Blvd, Irving, Texas 75061","ImmunoTek BioCenters, LLC",469-299-7490
"416 18th Avenue, Meridian, Mississippi 39301","ImmunoTek BioCenters, LLC",601.462.5145
"4560 Lake Worth Road, Greenacres, Florida 33463","ImmunoTek BioCenters, LLC",561.270.6712
"3521 Anderson Street, Madison, Wisconsin 53704","Interstate Blood & Plasma, Inc.",608-240-2785
"665 Carey Avenue, Wilkes Barre, Pennsylvania 18702",Interstate Blood and Plasma Inc.,570-823-4119
"2053 22nd Avenue, Kenosha, Wisconsin 53140",Interstate Blood and Plasma Inc.,262-654-1366
"319 Gorham Street, Madison, Wisconsin 53703",Interstate Blood and Plasma Inc.,608-256-2110
"3324 West Lawrence Avenue, Chicago, Illinois 60625",Interstate Blood Bank Inc.,773-478-2989
"5121 Delmar Boulevard, St. Louis, Missouri 63108",Interstate Blood Bank Inc.,314-367-5200
"1530 West National Avenue, Milwaukee, Wisconsin 53204",Interstate Blood Bank Inc.,414-643-8222
"2126 West Fond du Lac Avenue, Milwaukee, Wisconsin 53206",Interstate Blood Bank Inc.,414-931-0600
"Hallstr 9, Furth, 90762 Germany",KEDPLASMA GmbH,911-216-5590
"Spinnereistr. 5 b, Bayreuth, 95445 Germany",KEDPLASMA GmbH,921-404-2020
"Rathausplatz 11, Ingolstadt, 85049 Germany",KEDPLASMA GmbH,841-934-3020
"Philippine-Welser-Str 8, 86150 Augsburg, Germany",KEDPLASMA GmbH,49.821.217007.10
"1255 Montlimar Drive, Mobile, Alabama 36609","KEDPLASMA, LLC",251-479-2224
"5301 Moffett Road, Suite 230, Mobile, Alabama 36618","KEDPLASMA, LLC",251-343-9407
"5401 Corporate Woods Drive Ste 500, Pensacola, Florida 32504","KEDPLASMA, LLC",850-476-7999
"250 YWCA Way, Winston-Salem, North Carolina 27127","KEDPLASMA, LLC",336-722-8206
"9025 Mansfield Road, Shreveport, Louisiana 71118","KEDPLASMA, LLC",318-703-6060
"1843 Cherry Road, Rock Hill, South Carolina 29732","KEDPLASMA, LLC",803-526-7300
"505 East Webb Avenue. Burlington, North Carolina 27217","KEDPLASMA, LLC",336-329-5090
"1820 North Main Street, Kissimmee, Florida 34744","KEDPLASMA, LLC",321-337-0500
"2730 NE 14th Street, Ocala, Florida 34470","KEDPLASMA, LLC",352-877-4000
"505 S Memorial Dr, Greenville, North Carolina 27834","KEDPLASMA, LLC",252-214-6647
"1890 Joe White Avenue, Myrtle Beach, South Carolina 29577","KEDPLASMA, LLC",843-353-3706
"588 North New Hope Road, Gastonia, North Carolina 28054","KEDPLASMA, LLC",704-691-3287
"3900 N Lockwood Ridge Rd, Sarasota, Florida 34234","KEDPLASMA, LLC",941-210-5588
"1501 South High Street, Longview, Texas 75602","KEDPLASMA, LLC",903.653.1479
"15 Limestone Drive, Williamsville, New York 14221","KEDPLASMA, LLC /Somerset Labs",716-631-1281
"2820 Middlebrook Pike Ste 112, Knoxville, Tennessee 37921",Knoxville Plasma Corporation,865-637-1497
"6015 Fort Avenue Ste 23, Lynchburg, Virginia 24502",Octapharma Plasma Inc,434-237-6881
"7730 Marlboro Pike, Forestville, Maryland 20747",Octapharma Plasma Inc,301.420.1803
"5819 NW Loop 410 Suite 114-115, San Antonio, Texas 78238",Octapharma Plasma Inc.,210-521-2203
"887 Florence Boulevard, Florence, Alabama 35630",Octapharma Plasma Inc.,256-767-0493
"6454 Van Nuys Boulevard, Suite 100, Van Nuys, California 91401",Octapharma Plasma Inc.,818-997-6033
"3232 Duke Street, San Diego, California 92110",Octapharma Plasma Inc.,619-758-9278
"2141 Loch Rane Boulevard, Suites 101-105, Orange Park, Florida 32073",Octapharma Plasma Inc.,904-276-2084
"978 Arlington Road, Jacksonville, Florida 32211",Octapharma Plasma Inc.,904-805-0381
"3644 Avenue of the Cities, Moline, Illinois 61265",Octapharma Plasma Inc.,309-757-9030
"418 Hill Avenue, Aurora, Illinois 60505",Octapharma Plasma Inc.,630-375-0228
"1770 Wabash Avenue, Springfield, Illinois 62704",Octapharma Plasma Inc.,217-546-8605
"2102 S. Michigan Street, South Bend, Indiana 46613",Octapharma Plasma Inc.,574-234-9568
"1810 North First Avenue, Evansville, Indiana 47710",Octapharma Plasma Inc.,812-463-6162
"115 Walnut Street, Terre Haute, Indiana 47807",Octapharma Plasma Inc.,812-234-0501
"2588 Hubbell Avenue, Des Moines, Iowa 50317",Octapharma Plasma Inc.,515-263-2192
"2417 Pierce Street, Sioux City, Iowa 51104",Octapharma Plasma Inc.,712-258-4140
"907 N. Hillside Street, Wichita, Kansas 67214",Octapharma Plasma Inc.,316-681-0208
"665 Behrman Highway, Gretna, Louisiana 70056",Octapharma Plasma Inc.,504-433-2344
"3144 Louisville Avenue Eastgate Shopping Center, Monroe, Louisiana 71201",Octapharma Plasma Inc.,318-322-1214
"813 W. Michigan Avenue, Ypsilanti, Michigan 48198",Octapharma Plasma Inc.,734-483-2084
"4411 Center Street Ste B, Omaha, Nebraska 68105",Octapharma Plasma Inc.,402-614-6630
"1732 East Fremont Street, Las Vegas, Nevada 89101",Octapharma Plasma Inc.,702-385-7337
"5108 Reagan Drive Suite 1, Charlotte, North Carolina 28206",Octapharma Plasma Inc.,704-921-2702
"3120 Milton Road, Charlotte, North Carolina 28215",Octapharma Plasma Inc.,704-537-3880
"10 Gateway Corner's Park Suite 100, Columbia, South Carolina 29203",Octapharma Plasma Inc.,803-736-5888
"58101 Fruitridge Road, Sacramento, California 95820",Octapharma Plasma Inc.,916-457-7850
"7006 University Avenue, Unit 13, Lubbock, Texas 79413",Octapharma Plasma Inc.,806-748-4080
"5414 South 900 East, Salt Lake City, Utah 84117",Octapharma Plasma Inc.,801-262-0183
"50 New Market Square, Newport News, Virginia 23605",Octapharma Plasma Inc.,757-380-0124
"949-A Chimney Hill Shopping Center, Virginia Beach, Virginia 23452",Octapharma Plasma Inc.,757-498-5160
"601 Frederick Boulevard, Portsmouth, Virginia 23707",Octapharma Plasma Inc.,757-393-9202
"843 E. Little Creek Road, Norfolk, Virginia 23518",Octapharma Plasma Inc.,757-480-0945
"2007 S Sycamore, Petersburg, Virginia 23805",Octapharma Plasma Inc.,804-722-1635
"1935 South Military Hwy, Chesapeake, Virginia 23320",Octapharma Plasma Inc.,757-543-3401
"510 East Francis Avenue, Spokane, Washington 99208",Octapharma Plasma Inc.,500-484-7001
"9349 Telegraph Road, Redford, Michigan 48239",Octapharma Plasma Inc.,313.535.0200
"4470 S Noland Road, Independence, Missouri 64055",Octapharma Plasma Inc.,816.478.7430
"2320 Stemmons Trail, Dallas, Texas 75220",Octapharma Plasma Inc.,214-351-1640
"9203 Stella Link Road, Houston, Texas 77081",Octapharma Plasma Inc.,713-668-6659
"5943 South Blvd, Charlotte, North Carolina 28217",Octapharma Plasma Inc.,704-553.4191
"2985 S. State Hwy 360, Suite 102, Grand Prairie, Texas 75052",Octapharma Plasma Inc.,972.606.4901
"5330 Walzem Road, Suite 108, San Antonio, Texas 78218",Octapharma Plasma Inc.,210-590-1900
"3467 Cleveland Avenue, Columbus, Ohio 43224",Octapharma Plasma Inc.,614-261-7019
"11799 West Avenue, San Antonio, Texas 78216",Octapharma Plasma Inc.,210-366.0502
"5739-B Edgewater Drive, Orlando, Florida 32810-5258",Octapharma Plasma Inc.,407-295-0533
"16845 Torrence Ave, Lansing, Illinois 60438",Octapharma Plasma Inc.,708-418-5258
"6394 Silver Star Rd, Orlando, Florida 32810",Octapharma Plasma Inc.,407-295-8008
"993 Semoran Blvd, Orlando, Florida 32807",Octapharma Plasma Inc.,407-207-5493
"2740 Brice Road, Reynoldsburg, Ohio 43068",Octapharma Plasma Inc.,614-575-6400
"1731 Bean Avenue, Maplewood, Minnesota 55109",Octapharma Plasma Inc.,651.770.3330
"3150 Burke Road, Pasadena, Texas 77504",Octapharma Plasma Inc.,713.941.2821
"1405 Merritt Blvd, Dundalk, Maryland 21222","Octapharma Plasma, Inc",410-284-2227
"5121 Warden Road, North Little Rock, Arkansas 72116","Octapharma Plasma, Inc.",501-812-0440
"3415 West Broadway, Suite A, Council Bluffs, Iowa 51501","Octapharma Plasma, Inc.",712-352-1717
"705 N. Park Street, Kalamazoo, Michigan 49007","Octapharma Plasma, Inc.",269-349-2124
"506 South Dr Martin Luther King Jr Blvd, Greenville, Mississippi 38701","Octapharma Plasma, Inc.",662-378-9005
"4640 South 25th Street, Omaha, Nebraska 68107","Octapharma Plasma, Inc.",402-733-1169
"4085 East Lancaster Avenue, Ft. Worth, Texas 76103","Octapharma Plasma, Inc.",817-531-3100
"3342 Broadway Boulevard, Suite 110, Garland, Texas 75043","Octapharma Plasma, Inc.",214-703-8369
"8780 Pershall Road, Hazelwood, Missouri 63042","Octapharma Plasma, Inc.",314-524-9015
"10694 Lorain Avenue, Cleveland, Ohio 44111","Octapharma Plasma, Inc.",216-252-6811
"5398 Northfield Road, Maple Heights, Ohio 44137","Octapharma Plasma, Inc.",216-518-0322
"8807 E Washington Street, Indianapolis, Indiana 46219","Octapharma Plasma, Inc.",317-897-8044
"4570 Memorial Drive, Suite A, Decatur, Georgia 30032","Octapharma Plasma, Inc.",404-292-9244
"3363 Buford Hwy, NE, Ste 995, Atlanta, Georgia 30329","Octapharma Plasma, Inc.",404-471-9921
"404 East 13 Mile Road, Madison Heights, Michigan 48071","Octapharma Plasma, Inc.",248-597-0314
"17 West North Avenue, Northlake, Illinois 60164","Octapharma Plasma, Inc.",704-409-0900
"83-B Great Southern Blvd, Columbus, Ohio 43207","Octapharma Plasma, Inc.",614-491-2800
"1700 N Rolling Road, Baltimore, Maryland 21244","Octapharma Plasma, Inc.",410-265-5729
"8602 W Brown Deer Road, Milwaukee, Wisconsin 53224","Octapharma Plasma, Inc.",414-586-0045
"8420 N Armenia Avenue, Tampa, Florida 33604","Octapharma Plasma, Inc.",813-915-1100
"6228 Hulen Bend Blvd, Ft. Worth, Texas 76132","Octapharma Plasma, Inc.",817.423.8083
"1166 N. McLean Boulevard, Elgin, Illinois 60123",Plasma Biological Services,847-531-8185
"2820 Frederica Street, Owensboro, Kentucky 42301",Plasma Biological Services Inc.,270-685-0070
"1602 North Woodbine Road, St Joseph, Missouri 64506",Plasma Biological Services Inc.,816-901-9770
"916 East Walnut street, Columbia, Missouri 65201",Plasma Biological Services Inc.,573-449-3961
"85 Tunnel Road, Ste 2A, Asheville, North Carolina 28805",Plasma Biological Services Inc.,828-252-9977
"404 Ashe Street, Johnson City, Tennessee 37604",Plasma Biological Services Inc.,423-926-3169
"4321 Summer Avenue, Memphis, Tennessee 38122",Plasma Biological Services Inc.,901-842-5500
"3508 Ramill Road, Memphis, Tennessee 38128",Plasma Biological Services Inc.,901-358-2511
"104 Old Hickory Blvd. East, Jackson, Tennessee 38301",Plasma Biological Services Inc.,731-422-2537
"3201 Gallatin Pike, Nashville, Tennessee 37216","Plasma Biological Services, Inc.",615-915-2649
"Bozdechova 2, Prague, 15000 Czech Republic",Plasma Place s.r.o.,+42.0735208208
"Ceskoslovenske Armady 295, Hradec Králové, 15002 Czech Republic",Plasma Place s.r.o.,+42.0601031031
"Alter Posthof 1 / Kapuziner Karree, D-52062 Aachen, Germany",Plasma Service Europe GmbH,+49 241 900 8819
"Kampstraße 88 - 100, D-44137 Dortmund, Germany",Plasma Service Europe GmbH,+49 231 95049 112
"Grosse Ulrichstrasse 19, D-06108 Halle/Saale, Germany",Plasma Service Europe GmbH,+49 345 444 770
"Hohenstaufenring 62, D-50674 Köln, Germany",Plasma Service Europe GmbH,+49 221 420365 65
"Alter Markt 12, D-39104 Magdeburg, Germany",Plasma Service Europe GmbH,+49 391 607 750
"Gotthardstr. 35 / Klia-Passage, D-06217 Merseburg, Germany",Plasma Service Europe GmbH,+49 3461 27882 0
"Rautenstr. 8, D-99734 Nordhausen, Germany",Plasma Service Europe GmbH,+49 3631 46259 0
"Am Strande 3 / Silo III, D-18055 Rostock, Germany",Plasma Service Europe GmbH,+49381 377 900
"Kropeliner Strasse 25, D-18055 Rostock, Germany",Plasma Service Europe GmbH,+49381 377 900
"Innrain 6-8, A-6020 Innsbruck, Austria",Plasmadienst Tirol GmbH / Biotest,+43 512 58 47 23
"Favoritenstrasse 93, Vienna, 1100 Austria",Plasmapunkt - Favoriten,431-603-1514
"Siebeckstraße 7, Stiege III, 3, Stock, A-1220 Vienna, Austria",Plasmapunkt Donauzentrum,+43 1 2024787
"Lazarettgurtel 55, 8020 Graz, Austria",Plasmaspendedienst Graz,+43 316 232 500
"Kisfaludi u. 32-38. IV. em. H-1082 Budapest, Hungary",Plazmaszolgálat/Corvin Plazmacentrum (Biotest),
"Czuczor u. 10. III. em. H-1093 Budapest, Hungary",Plazmaszolgálat/Studium Plazmacentrum (Biotest),
"Mikszáth Kálmán utca 20-22, H-6722 Szeged, Hungary",Plazmaszolgálat/Szeged (Biotest),
"137 Innovation Drive, Winnipeg, MB R3T 6B6, Canada",Prometic Plasma Resources,204-275-4630
"Ferdinandstrasse 13, D-44789 Bochum, Germany",Ruhr Plasma Center,+49 234 33 0727
"3902 Madison Avenue, Indianapolis, IN 46227",Saturn Biomedical,317-786-4470
"1068 Broadway, El Cajon, CA 92021","Scantibodies Biologics, Inc.",619-440-0283
"1406 McFarland Blvd N, Ste 1A, Tuscaloosa, Alabama 35406","Southern Blood Services, Inc.",205-759-4007
"3800 Colonnade Pkwy Ste 200, Birmingham, Alabama 35243","Southern Blood Services, Inc.",205-967-8189
"1114 17th Avenue South Suite 104, Nashville, Tennessee 37212","Southern Blood Services, Inc.",615-342-0180
"Milady Horakove 109/116, Prague, 16000 Czech Republic",UNICAplasma s.r.o.,+42.335.444.7777
